create database db9;
use db9;

   create table SALESPERSON (
   SNO NUMERIC,
   SNAME VARCHAR(20),
   City VARCHAR(20),
   COMM DOUBLE,
   PRIMARY key (SNo )
   );
   INSERT INTO SALESPERSON (SNO,SNAME,City,COMM)
   VALUES
   (1001,'PEEL','LONDON',.12),
   (1002,'SERRES','SAN JOSE',.13),
   (1004,'RAFLIN','BARCELONA',.15),
   (1007,'MOTIKA','LONDON',.11),
   (1003,'AXE','NEYYORK',.1);
   
create table CUSTOMER ( 
CNM NUMERIC,
CNAME varchar (20),
CITY VARCHAR (20),
RATING NUMERIC,
SNO NUMERIC,
PRIMARY KEY (CNM),
FOREIGN KEY (SNO) references SALESPERSON(SNO)
);

INSERT INTO CUSTOMER  (CNM,CNAME,CITY,RATING,SNO)
VALUES

(201,'HOFF','LONDON',100,1001),
(202 ,'GLOVA','ROE',200,1003),
(203,'LIU','SAN JOSE',300,1002),
(204,'GRASS','BARCELONA',100,1002),
(206,'CLEMENS','LONDON',300,1007),
(207,'PEREIRA','ROE',100,1004);

create table ORDER1 ( 
ONM NUMERIC,
AMT DOUBLE,
ODE DATE,
CNM NUMERIC,
SNO NUMERIC,
PRIMARY KEY (ONM),
FOREIGN KEY (SNO) references SALESPERSON (SNO) 
);
 
 
 INSERT INTO ORDER1  (ONM,AMT,ODE,CNM,SNO)
 VALUES
(3001,  18.69,   "1994-8-3",  207,1007),
(3003,  767.19,  "1994-8-3",  201,1001),
(3002,  1900.10, "1994-8-3",  207,1004),
(3005,  3005,    "1994-8-3",  203,1002),
(3006,  3006,    "1994-8-4",  207,1007),
(3009,  3009,    "1994-8-4",  202,1003),
(3007,  3007,    "1994-8-5",  204,1002),
(3008,  3008,    "1994-8-5",  206,1001),
(3010,  3010,    "1994-8-6",  204,1002),
(3011,  3011,    "1994-8-6",  206,1001);
 
 select * FROM SALESPERSON;
select * FROM  CUSTOMER;
select * FROM ORDER1; 
COMMIT;
 
 
 select *
 from ORDER1
 where AMT > 1000;
 
 select SNAME,CITY
 from  SALESPERSON 
 where COMM >0.10 AND CITY = 'LONDON';


